Arabidopsis_Bait_Enzyme	CsaV3_7G033590.1	75.3	0.0e+00	1279.2	762
Arabidopsis_Bait_Enzyme	CsaV3_6G007580.1	65.9	0.0e+00	1133.2	785
Arabidopsis_Bait_Enzyme	CsaV3_1G004570.1	65.0	0.0e+00	1084.7	761
Arabidopsis_Bait_Enzyme	CsaV3_2G004730.1	53.8	2.9e-263	904.8	751
Arabidopsis_Bait_Enzyme	CsaV3_7G033600.1	53.5	4.6e-261	897.5	751
Arabidopsis_Bait_Enzyme	CsaV3_2G004770.1	52.7	1.1e-254	876.3	752
Arabidopsis_Bait_Enzyme	CsaV3_5G025390.1	51.1	8.0e-237	817.0	753
Arabidopsis_Bait_Enzyme	CsaV3_5G025410.1	49.7	3.3e-235	811.6	761
Arabidopsis_Bait_Enzyme	CsaV3_5G025380.1	47.6	3.6e-229	791.6	763
Arabidopsis_Bait_Enzyme	CsaV3_2G004700.1	54.0	3.7e-210	728.4	593
Arabidopsis_Bait_Enzyme	CsaV3_2G004690.1	53.7	3.4e-187	652.1	544
Arabidopsis_Bait_Enzyme	CsaV3_2G004750.1	53.6	3.1e-180	629.0	515
Arabidopsis_Bait_Enzyme	CsaV3_2G004760.1	49.1	4.7e-64	243.0	226
